{
  "version": 8,
  "FoodItems": {
    "FriedEgg": false,
    "BerryPie": true,
    "HoneyedApple": false
  },
  "WateringCan": true,
  "RoseGold": true,
  "Ropes": false,
  "EnchantmentPrecision": false,
  "EnchantmentSpeed": false,
  "Wrench": false,
  "CopperPatina": true,
  "AmethystLamp": {
    "enabled": false,
    "despawnChance": 0.5
  },
  "Crossbows": false,
  "TridentShard": false,
  "GlowStick": false,
  "GildedNetherite": {
    "enabled": false,
    "fireResistancePerPiece": 2.5
  },
  "DepthMeter": {
    "enabled": true,
    "displayElevationAlways": false
  },
  "MysteriousBundle": true,
  "CompostableRottenFlesh": true,
  "MusicDiscs": true,
  "NoteBlockAmethystSounds": true,
  "ShipwreckSpyglassLoot": true,
  "PocketJukebox": true,
  "ChickenNugget": true,
  "PoweredRailsCopperRecipe": true,
  "GlowBerryEatGlow": {
    "enabled": true,
    "duration": 5
  },
  "HastePotions": false
}