{
  "configVersion": 2,
  "enabledByDefault": true,
  "xOffset": 0,
  "sneakXOffset": 0,
  "sitXOffset": 0,
  "renderStuckFeatures": true,
  "vanillaHandsMode": "OFF",
  "dynamicMode": true,
  "vanillaHandsSkipSwimming": true,
  "autoVanillaHands": [
    "create:potato_cannon",
    "create:handheld_worldshaper",
    "twilightforest:filled_ore_map",
    "map_atlases:atlas",
    "twilightforest:filled_magic_map",
    "twilightforest:filled_maze_map",
    "antiqueatlas:antique_atlas",
    "create:extendo_grip",
    "alexscaves:cave_map",
    "alexscaves:cave_map_filled",
    "alexscaves:cave_map_inventory",
    "alexscaves:cave_map_loading",
    "minecraft:filled_map",
    "supplementaries:cage"
  ],
  "autoToggleModItems": [
    "exposure:camera",
    "mowziesmobs:ice_crystal",
    "mowziesmobs:wrought_axe",
    "mowziesmobs:sculptor_staff",
    "mowziesmobs:earthrend_gauntlet"
  ]
}