{
  "arenas": {
    "sky_arena": {
      "mobSpawnRadius": 20,
      "spawnDistanceFromPlayer": 10,
      "battleLossDistance": 35,
      "mobTeleportDistance": 35,
      "mobGriefingProtectionRadius": 35,
      "fullProtectionRadius": 35,
      "bossBarHideRadius": 35,
      "mobCostRatio": 20,
      "allowDifficultyReset": true,
      "allowWaterAndAirSpawn": false,
      "individualPlayerStats": true,
      "setNight": true,
      "setRain": false,
      "disableMobItemDrop": true,
      "startingPoints": 500,
      "startingStatMultiplier": 1.0,
      "difficultyLevelRanges": [
        {
          "range": [1, 10],
          "pointsIncrease": 100,
          "statMultiplierIncrease": 0.0,
          "rewardLootTable": "skyarena:battle_rewards/ice_key",
          "rewardCount": 1,
          "mobGroupsUsed": ["common"]
        },
        {
          "range": [11, 20],
          "pointsIncrease": 100,
          "statMultiplierIncrease": 0.0,
          "rewardLootTable": "skyarena:battle_rewards/ice_key",
          "rewardCount": 2,
          "mobGroupsUsed": ["common", "elite"]
        },
        {
          "range": [21, 40],
          "pointsIncrease": 0,
          "statMultiplierIncrease": 0.05,
          "rewardLootTable": "skyarena:battle_rewards/ice_key",
          "rewardCount": 3,
          "mobGroupsUsed": ["common", "elite", "minibosses"]
        },
        {
          "range": [41, 9999],
          "pointsIncrease": 0,
          "statMultiplierIncrease": 0.05,
          "rewardLootTable": "skyarena:battle_rewards/ice_key",
          "rewardCount": 4,
          "mobGroupsUsed": ["common", "elite", "minibosses", "bosses"]
        }
      ],
      "mobGroups": {
        "common": {
          "squadSpawnChance": 0.5,
          "squadSpawnSize": 5,
          "statMultiplierCoefficient": 1.0,
          "mobSpawnChance": 1,
          "mobValues": {
            "minecraft:zombie": 20,
            "minecraft:slime": 20,
            "minecraft:magma_cube": 25,
            "minecraft:husk": 25,
            "minecraft:skeleton": 30,
            "minecraft:witch": 30,
            "minecraft:pillager": 35,
            "minecraft:stray": 35,
            "minecraft:zombified_piglin": 35,
            "minecraft:blaze": 40,
            "minecraft:illusioner": 45,
            "minecraft:wither_skeleton": 45,
            "minecraft:vindicator": 50,
            "minecraft:zoglin": 55,
            "born_in_chaos_v1:decaying_zombie": 25,
            "born_in_chaos_v1:dread_hound": 25,
            "born_in_chaos_v1:zombie_fisherman": 25,
            "born_in_chaos_v1:siamese_skeletons": 25,
            "born_in_chaos_v1:mrs_pumpkin": 30,
            "born_in_chaos_v1:barrel_zombie": 35,
            "born_in_chaos_v1:zombie_lumberjack": 35,
            "born_in_chaos_v1:skeleton_demoman": 35,
            "born_in_chaos_v1:bonescaller": 40,
            "born_in_chaos_v1:door_knight": 40,
            "born_in_chaos_v1:spirit_guide": 45,
            "born_in_chaos_v1:scarlet_persecutor": 45,
            "born_in_chaos_v1:dark_vortex": 55,
            "born_in_chaos_v1:zombie_clown": 55,
            "born_in_chaos_v1:swarmer": 60,
            "born_in_chaos_v1:seared_spirit": 65,
            "born_in_chaos_v1:spiritof_chaos": 70,
            "alexsmobs:guster": 25,
            "alexsmobs:rocky_roller": 25,
            "alexsmobs:mimicube": 40,
            "alexsmobs:murmur": 40,
            "realmrpg_wyrms:red_wyrm": 45,
            "realmrpg_wyrms:ender_wyrm": 55,
            "cataclysm:urchinkin": 25,
            "cataclysm:draugr": 30,
            "cataclysm:elite_draugr": 40,
            "cataclysm:royal_draugr": 40,
            "cataclysm:the_watcher": 40,
            "cataclysm:deepling_angler": 45,
            "cataclysm:koboleton": 45,
            "cataclysm:deepling": 50,
            "cataclysm:deepling_priest": 70,
            "cataclysm:deepling_warlock": 70,
            "cataclysm:cindaria": 75,
            "call_of_yucutan:undead_warrior": 25,
            "call_of_yucutan:blowgun_huracan": 40,
            "netherexp:ecto_slab": 25,
            "netherexp:banshee": 30,
            "netherexp:vessel": 30,
            "savage_and_ravage:skeleton_villager": 30,
            "savage_and_ravage:trickster": 40,
            "savage_and_ravage:iceologer": 50,
            "savage_and_ravage:griefer": 50,
            "savage_and_ravage:executioner": 60,
            "illagerinvasion:alchemist": 40,
            "illagerinvasion:sorcerer": 40,
            "illagerinvasion:firecaller": 55,
            "mowziesmobs:naga": 60,
            "aquamirae:tortured_soul": 40,
            "iter_rpg:earth_elemental": 55,
            "iter_rpg:water_elemental": 45,
            "iter_rpg:air_elemental": 55,
            "iter_rpg:fire_elemental": 55,
            "iter_rpg:void_elemental": 65,
            "alexscaves:caniac": 40,
            "alexscaves:licowitch": 50,
            "scguns:cog_minion": 40,
            "scguns:hive": 40,
            "scguns:redcoat": 40,
            "scguns:cog_knight": 45,
            "scguns:sky_carrier": 45,
            "scguns:dissident": 50,
            "scguns:blunderer": 50,
            "scguns:zombified_hornlin": 55,
            "goety:icy_spider": 25,
            "goety:web_spider": 30,
            "goety:geomancer_servant": 30,
            "goety:wind_caller_servant": 30,
            "goety:preacher": 40,
            "goety:reaper": 40,
            "goety:bone_spider": 40,
            "goety:vanguard_servant": 40,
            "goety:poison_quill_vine": 40,
            "goety:warlock": 45,
            "goety:heretic": 45,
            "goety:piker": 45,
            "goety:cryologer": 45,
            "goety:wraith": 45,
            "goety:muck_wraith": 50,
            "goety:conquillager": 50,
            "goety:crusher": 50,
            "goety:storm_caster": 50,
            "goety:whisperer": 50,
            "goety:border_wraith": 55,
            "goety:maverick": 55,
            "goety:inquillager": 55,
            "goety:inferno": 55,
            "goety:sorcerer": 60,
            "goety:malghast": 60,
            "goety:blackguard_servant": 70,
            "goety:ice_golem": 70,
            "illageandspillage:igniter": 35,
            "illageandspillage:engineer": 60,
            "illageandspillage:crocofang": 60,
            "species:bewereager": 50,
            "species:wicked": 30,
            "traveloptics:void_tome": 65
          }
        },
        "elite": {
          "squadSpawnChance": 0.35,
          "squadSpawnSize": 3,
          "statMultiplierCoefficient": 1.0,
          "mobSpawnChance": 1,
          "mobValues": {
            "minecraft:evoker": 80,
            "minecraft:ravager": 130,
            "born_in_chaos_v1:felsteed": 80,
            "born_in_chaos_v1:fallen_chaos_knight": 80,
            "born_in_chaos_v1:zombie_bruiser": 80,
            "born_in_chaos_v1:skeleton_thrasher": 90,
            "born_in_chaos_v1:nightmare_stalker": 120,
            "born_in_chaos_v1:supreme_bonescaller": 160,
            "iceandfire:troll": 80,
            "cataclysm:deepling_brute": 100,
            "cataclysm:hippocamtus": 130,
            "cataclysm:ignited_berserker": 130,
            "cataclysm:coral_golem": 160,
            "cataclysm:ignited_revenant": 170,
            "illagerinvasion:necromancer": 80,
            "mowziesmobs:bluff": 85,
            "irons_spellbooks:necromancer": 80,
            "irons_spellbooks:citadel_keeper": 150,
            "irons_spellbooks:archevoker": 150,
            "irons_spellbooks:cryomancer": 150,
            "irons_spellbooks:pyromancer": 150,
            "irons_spellbooks:apothecarist": 150,
            "irons_spellbooks:priest": 150,
            "traveloptics:aquamancer": 150,
            "traveloptics:voidshelf_golem": 80,
            "quark:forgotten": 90,
            "alexscaves:brainiac": 100,
            "caverns_and_chasms:mime": 100,
            "eeeabsmobs:immortal_executioner": 150,
            "goety:envioker": 80,
            "goety:haunted_armor": 80,
            "goety:cairn_necromancer": 80,
            "goety:necromancer": 85,
            "goety:wildfire": 130,
            "goety:black_beast": 130,
            "goety:brood_mother": 130,
            "illageandspillage:absorber": 160,
            "undead_unleashed:dreadknight": 100,
            "undead_unleashed:flamebreather": 110,
            "species:quake": 80,
            "nethers_exorcism_reborn:strampler": 95
          }
        },
        "minibosses": {
          "squadSpawnChance": 0.35,
          "squadSpawnSize": 2,
          "statMultiplierCoefficient": 1.0,
          "mobSpawnChance": 1,
          "mobValues": {
            "born_in_chaos_v1:mother_spider": 170,
            "born_in_chaos_v1:dire_hound_leader": 200,
            "born_in_chaos_v1:lifestealer_true_form": 250,
            "born_in_chaos_v1:missioner": 250,
            "mutantmonsters:mutant_zombie": 200,
            "mutantmonsters:mutant_skeleton": 220,
            "alexsmobs:warped_mosco": 170,
            "cataclysm:coralssus": 180,
            "cataclysm:amethyst_crab": 250,
            "cataclysm:wadjet": 250,
            "cataclysm:the_prowler": 250,
            "cataclysm:ender_golem": 250,
            "cataclysm:aptrgangr": 250,
            "cataclysm:kobolediator": 250,
            "cataclysm:clawdian": 300,
            "galosphere:berserker": 210,
            "eeeabsmobs:guling_sentinel_heavy": 250,
            "eeeabsmobs:corpse_warlock": 270,
            "goety:minister": 200,
            "goety:grave_golem": 280,
            "goety:hostile_redstone_golem": 300,
            "goety:skull_lord": 320,
            "goety:drowned_necromancer_servant": 300,
            "goety:wither_necromancer_servant": 350,
            "illagerinvasion:invoker": 300,
            "traveloptics:aqua_grandmaster": 220
          }
        },
        "bosses": {
          "squadSpawnChance": 0.0,
          "squadSpawnSize": 1,
          "statMultiplierCoefficient": 0.75,
          "mobSpawnChance": 0.5,
          "mobValues": {
            "minecraft:warden": 1000,
            "minecraft:wither": 500,
            "cataclysm:ender_guardian": 900,
            "cataclysm:netherite_monstrosity": 750,
            "cataclysm:ignis": 900,
            "cataclysm:the_harbinger": 600,
            "cataclysm:ancient_remnant": 700,
            "cataclysm:maledictus": 900,
            "cataclysm:scylla": 900,
            "irons_spellbooks:dead_king": 600,
            "goety:vizier": 550,
            "goety:hostile_redstone_monstrosity": 650
          }
        }
      }
    },
    "ice_arena": {
      "mobSpawnRadius": 36,
      "spawnDistanceFromPlayer": 18,
      "battleLossDistance": 60,
      "mobTeleportDistance": 50,
      "mobGriefingProtectionRadius": 60,
      "fullProtectionRadius": 60,
      "bossBarHideRadius": 60,
      "mobCostRatio": 20,
      "allowDifficultyReset": true,
      "allowWaterAndAirSpawn": false,
      "individualPlayerStats": true,
      "setNight": true,
      "setRain": false,
      "disableMobItemDrop": true,
      "startingPoints": 500,
      "startingStatMultiplier": 1.0,
      "difficultyLevelRanges": [
        {
          "range": [1, 10],
          "pointsIncrease": 100,
          "statMultiplierIncrease": 0.0,
          "rewardLootTable": "skyarena:battle_rewards/ice_key",
          "rewardCount": 1,
          "mobGroupsUsed": ["common"]
        },
        {
          "range": [11, 20],
          "pointsIncrease": 100,
          "statMultiplierIncrease": 0.0,
          "rewardLootTable": "skyarena:battle_rewards/ice_key",
          "rewardCount": 2,
          "mobGroupsUsed": ["common", "elite"]
        },
        {
          "range": [21, 40],
          "pointsIncrease": 0,
          "statMultiplierIncrease": 0.05,
          "rewardLootTable": "skyarena:battle_rewards/ice_key",
          "rewardCount": 3,
          "mobGroupsUsed": ["common", "elite", "minibosses"]
        },
        {
          "range": [41, 99],
          "pointsIncrease": 0,
          "statMultiplierIncrease": 0.05,
          "rewardLootTable": "skyarena:battle_rewards/ice_key",
          "rewardCount": 4,
          "mobGroupsUsed": ["common", "elite", "minibosses", "bosses"]
        },
        {
          "range": [100, 100],
          "pointsIncrease": 1500,
          "statMultiplierIncrease": 0.05,
          "rewardLootTable": "skyarena:battle_rewards/ice_key",
          "rewardCount": 4,
          "mobGroupsUsed": ["common", "elite", "minibosses", "bosses"]
        },
        {
          "range": [101, 99999],
          "pointsIncrease": 0,
          "statMultiplierIncrease": 0.20,
          "rewardLootTable": "skyarena:battle_rewards/ice_key",
          "rewardCount": 5,
          "mobGroupsUsed": ["common", "elite", "minibosses", "bosses_after_difficulty_100"]
        }
      ],
      "mobGroups": {
        "common": {
          "squadSpawnChance": 0.5,
          "squadSpawnSize": 5,
          "statMultiplierCoefficient": 1.0,
          "mobSpawnChance": 1,
          "mobValues": {
            "minecraft:zombie": 20,
            "minecraft:slime": 20,
            "minecraft:magma_cube": 25,
            "minecraft:husk": 25,
            "minecraft:skeleton": 30,
            "minecraft:witch": 30,
            "minecraft:pillager": 35,
            "minecraft:stray": 35,
            "minecraft:zombified_piglin": 35,
            "minecraft:blaze": 40,
            "minecraft:illusioner": 45,
            "minecraft:wither_skeleton": 45,
            "minecraft:vindicator": 50,
            "minecraft:zoglin": 55,
            "born_in_chaos_v1:decaying_zombie": 25,
            "born_in_chaos_v1:dread_hound": 25,
            "born_in_chaos_v1:zombie_fisherman": 25,
            "born_in_chaos_v1:siamese_skeletons": 25,
            "born_in_chaos_v1:mrs_pumpkin": 30,
            "born_in_chaos_v1:barrel_zombie": 35,
            "born_in_chaos_v1:zombie_lumberjack": 35,
            "born_in_chaos_v1:skeleton_demoman": 35,
            "born_in_chaos_v1:bonescaller": 40,
            "born_in_chaos_v1:door_knight": 40,
            "born_in_chaos_v1:spirit_guide": 45,
            "born_in_chaos_v1:scarlet_persecutor": 45,
            "born_in_chaos_v1:dark_vortex": 55,
            "born_in_chaos_v1:zombie_clown": 55,
            "born_in_chaos_v1:swarmer": 60,
            "born_in_chaos_v1:seared_spirit": 65,
            "born_in_chaos_v1:spiritof_chaos": 70,
            "alexsmobs:guster": 25,
            "alexsmobs:rocky_roller": 25,
            "alexsmobs:mimicube": 40,
            "alexsmobs:murmur": 40,
            "realmrpg_wyrms:red_wyrm": 45,
            "realmrpg_wyrms:ender_wyrm": 55,
            "cataclysm:urchinkin": 25,
            "cataclysm:draugr": 30,
            "cataclysm:elite_draugr": 40,
            "cataclysm:royal_draugr": 40,
            "cataclysm:the_watcher": 40,
            "cataclysm:deepling_angler": 45,
            "cataclysm:koboleton": 45,
            "cataclysm:deepling": 50,
            "cataclysm:deepling_priest": 70,
            "cataclysm:deepling_warlock": 70,
            "cataclysm:cindaria": 75,
            "call_of_yucutan:undead_warrior": 25,
            "call_of_yucutan:blowgun_huracan": 40,
            "netherexp:ecto_slab": 25,
            "netherexp:banshee": 30,
            "netherexp:vessel": 30,
            "savage_and_ravage:skeleton_villager": 30,
            "savage_and_ravage:trickster": 40,
            "savage_and_ravage:iceologer": 50,
            "savage_and_ravage:griefer": 50,
            "savage_and_ravage:executioner": 60,
            "illagerinvasion:alchemist": 40,
            "illagerinvasion:sorcerer": 40,
            "illagerinvasion:firecaller": 55,
            "mowziesmobs:naga": 60,
            "aquamirae:tortured_soul": 40,
            "iter_rpg:earth_elemental": 55,
            "iter_rpg:water_elemental": 45,
            "iter_rpg:air_elemental": 55,
            "iter_rpg:fire_elemental": 55,
            "iter_rpg:void_elemental": 65,
            "alexscaves:caniac": 40,
            "alexscaves:licowitch": 50,
            "scguns:cog_minion": 40,
            "scguns:hive": 40,
            "scguns:redcoat": 40,
            "scguns:cog_knight": 45,
            "scguns:sky_carrier": 45,
            "scguns:dissident": 50,
            "scguns:blunderer": 50,
            "scguns:zombified_hornlin": 55,
            "goety:icy_spider": 25,
            "goety:web_spider": 30,
            "goety:geomancer_servant": 30,
            "goety:wind_caller_servant": 30,
            "goety:preacher": 40,
            "goety:reaper": 40,
            "goety:bone_spider": 40,
            "goety:vanguard_servant": 40,
            "goety:poison_quill_vine": 40,
            "goety:warlock": 45,
            "goety:heretic": 45,
            "goety:piker": 45,
            "goety:cryologer": 45,
            "goety:wraith": 45,
            "goety:muck_wraith": 50,
            "goety:conquillager": 50,
            "goety:crusher": 50,
            "goety:storm_caster": 50,
            "goety:whisperer": 50,
            "goety:border_wraith": 55,
            "goety:maverick": 55,
            "goety:inquillager": 55,
            "goety:inferno": 55,
            "goety:sorcerer": 60,
            "goety:malghast": 60,
            "goety:blackguard_servant": 70,
            "goety:ice_golem": 70,
            "illageandspillage:igniter": 35,
            "illageandspillage:engineer": 60,
            "illageandspillage:crocofang": 60,
            "species:bewereager": 50,
            "species:wicked": 30,
            "traveloptics:void_tome": 65
          }
        },
        "elite": {
          "squadSpawnChance": 0.35,
          "squadSpawnSize": 3,
          "statMultiplierCoefficient": 1.0,
          "mobSpawnChance": 1,
          "mobValues": {
            "minecraft:evoker": 80,
            "minecraft:ravager": 130,
            "born_in_chaos_v1:felsteed": 80,
            "born_in_chaos_v1:fallen_chaos_knight": 80,
            "born_in_chaos_v1:zombie_bruiser": 80,
            "born_in_chaos_v1:skeleton_thrasher": 90,
            "born_in_chaos_v1:nightmare_stalker": 120,
            "born_in_chaos_v1:supreme_bonescaller": 160,
            "iceandfire:troll": 80,
            "cataclysm:deepling_brute": 100,
            "cataclysm:hippocamtus": 130,
            "cataclysm:ignited_berserker": 130,
            "cataclysm:coral_golem": 160,
            "cataclysm:ignited_revenant": 170,
            "illagerinvasion:necromancer": 80,
            "mowziesmobs:bluff": 85,
            "irons_spellbooks:necromancer": 80,
            "irons_spellbooks:citadel_keeper": 150,
            "irons_spellbooks:archevoker": 150,
            "irons_spellbooks:cryomancer": 150,
            "irons_spellbooks:pyromancer": 150,
            "irons_spellbooks:apothecarist": 150,
            "irons_spellbooks:priest": 150,
            "traveloptics:aquamancer": 150,
            "traveloptics:voidshelf_golem": 80,
            "quark:forgotten": 90,
            "alexscaves:brainiac": 100,
            "caverns_and_chasms:mime": 100,
            "eeeabsmobs:immortal_executioner": 150,
            "goety:envioker": 80,
            "goety:haunted_armor": 80,
            "goety:cairn_necromancer": 80,
            "goety:necromancer": 85,
            "goety:wildfire": 130,
            "goety:black_beast": 130,
            "goety:brood_mother": 130,
            "illageandspillage:absorber": 160,
            "undead_unleashed:dreadknight": 100,
            "undead_unleashed:flamebreather": 110,
            "species:quake": 80,
            "nethers_exorcism_reborn:strampler": 95
          }
        },
        "minibosses": {
          "squadSpawnChance": 0.35,
          "squadSpawnSize": 2,
          "statMultiplierCoefficient": 1.0,
          "mobSpawnChance": 1,
          "mobValues": {
            "born_in_chaos_v1:mother_spider": 170,
            "born_in_chaos_v1:dire_hound_leader": 200,
            "born_in_chaos_v1:lifestealer_true_form": 250,
            "born_in_chaos_v1:missioner": 250,
            "mutantmonsters:mutant_zombie": 200,
            "mutantmonsters:mutant_skeleton": 220,
            "alexsmobs:warped_mosco": 170,
            "cataclysm:coralssus": 180,
            "cataclysm:amethyst_crab": 250,
            "cataclysm:wadjet": 250,
            "cataclysm:the_prowler": 250,
            "cataclysm:ender_golem": 250,
            "cataclysm:aptrgangr": 250,
            "cataclysm:kobolediator": 250,
            "cataclysm:clawdian": 300,
            "galosphere:berserker": 210,
            "eeeabsmobs:guling_sentinel_heavy": 250,
            "eeeabsmobs:corpse_warlock": 270,
            "goety:minister": 200,
            "goety:grave_golem": 280,
            "goety:hostile_redstone_golem": 300,
            "goety:skull_lord": 320,
            "goety:drowned_necromancer_servant": 300,
            "goety:wither_necromancer_servant": 350,
            "illagerinvasion:invoker": 300,
            "traveloptics:aqua_grandmaster": 220
          }
        },
        "bosses": {
          "squadSpawnChance": 0.0,
          "squadSpawnSize": 1,
          "statMultiplierCoefficient": 0.75,
          "mobSpawnChance": 0.5,
          "mobValues": {
            "minecraft:warden": 1000,
            "minecraft:wither": 500,
            "cataclysm:ender_guardian": 900,
            "cataclysm:netherite_monstrosity": 750,
            "cataclysm:ignis": 900,
            "cataclysm:the_harbinger": 600,
            "cataclysm:ancient_remnant": 700,
            "cataclysm:maledictus": 900,
            "cataclysm:scylla": 900,
            "irons_spellbooks:dead_king": 600,
            "goety:vizier": 550,
            "goety:hostile_redstone_monstrosity": 650
          }
        },
        "bosses_after_difficulty_100": {
          "squadSpawnChance": 0.0,
          "squadSpawnSize": 1,
          "statMultiplierCoefficient": 1.0,
          "mobSpawnChance": 1,
          "mobValues": {
            "minecraft:warden": 1000,
            "minecraft:wither": 500,
            "cataclysm:ender_guardian": 900,
            "cataclysm:netherite_monstrosity": 750,
            "cataclysm:ignis": 900,
            "cataclysm:the_harbinger": 600,
            "cataclysm:ancient_remnant": 700,
            "cataclysm:maledictus": 900,
            "cataclysm:scylla": 900,
            "irons_spellbooks:dead_king": 600,
            "goety:vizier": 550,
            "goety:hostile_redstone_monstrosity": 650
          }
        }
      }
    },
    "additional_unused_mobs": {
      "mobSpawnRadius": 36,
      "spawnDistanceFromPlayer": 18,
      "battleLossDistance": 60,
      "mobTeleportDistance": 50,
      "mobGriefingProtectionRadius": 0,
      "fullProtectionRadius": 0,
      "bossBarHideRadius": 60,
      "mobCostRatio": 20,
      "allowDifficultyReset": true,
      "allowWaterAndAirSpawn": false,
      "individualPlayerStats": true,
      "setNight": true,
      "setRain": false,
      "disableMobItemDrop": true,
      "startingPoints": 500,
      "startingStatMultiplier": 1.0,
      "difficultyLevelRanges": [
        {
          "range": [1, 9999],
          "pointsIncrease": 100,
          "statMultiplierIncrease": 0.05,
          "rewardLootTable": "skyarena:battle_rewards/ice_key",
          "rewardCount": 1,
          "mobGroupsUsed": ["common", "elite", "minibosses", "bosses"]
        }
      ],
      "mobGroups": {
        "common": {
          "squadSpawnChance": 0.5,
          "squadSpawnSize": 5,
          "statMultiplierCoefficient": 1.0,
          "mobSpawnChance": 1,
          "mobValues": {

          }
        },
        "elite": {
          "squadSpawnChance": 0.35,
          "squadSpawnSize": 3,
          "statMultiplierCoefficient": 1.0,
          "mobSpawnChance": 1,
          "mobValues": {

          }
        },
        "minibosses": {
          "squadSpawnChance": 0.35,
          "squadSpawnSize": 2,
          "statMultiplierCoefficient": 1.0,
          "mobSpawnChance": 1,
          "mobValues": {
            "luminous_beasts:tree_ent": 200,
            "luminous_beasts:hermit_king": 210,
            "luminous_beasts:mummy": 210,
            "luminous_beasts:yeti": 210,
            "luminous_beasts:witch_doctor": 230,
            "luminous_beasts:bone_stalker": 240,
            "luminous_beasts:piglin_executioner": 250,
            "luminous_beasts:phoenixbird": 300,
            "luminous_beasts:horseless_headsman": 350,
            "luminousworld:treant": 200,
            "luminousworld:king_crab": 210,
            "luminousworld:mummy": 210,
            "luminousworld:yeti": 210,
            "luminousworld:witch_doctor": 230,
            "luminousworld:bone_stalker": 240,
            "luminousworld:pheonix": 300,
            "legendary_monsters:ambusher": 70,
            "legendary_monsters:chorusling": 60,
            "legendary_monsters:dune_sentinel": 250,
            "legendary_monsters:endersent": 270,
            "legendary_monsters:frostbitten_golem": 250,
            "legendary_monsters:guard": 90,
            "legendary_monsters:haunted_guard": 50,
            "legendary_monsters:haunted_knight": 60,
            "legendary_monsters:hovering_hurricane": 70,
            "legendary_monsters:knights_armor": 90,
            "legendary_monsters:lava_eater": 250,
            "legendary_monsters:mossy_golem": 100,
            "legendary_monsters:posessed_paladin": 260,
            "legendary_monsters:shulker_mimic": 260,
            "legendary_monsters:skeletosaurus": 270,
            "legendary_monsters:warped_fungussus": 130,
            "legendary_monsters:overgrown_colossus": 300,
            "legendary_monsters:withered_abomination": 270
          }
        },
        "bosses": {
          "squadSpawnChance": 0.0,
          "squadSpawnSize": 1,
          "statMultiplierCoefficient": 0.75,
          "mobSpawnChance": 0.5,
          "mobValues": {

          }
        }
      }
    },
    "example_with_only_preset_waves": {
      "mobSpawnRadius": 36,
      "spawnDistanceFromPlayer": 18,
      "battleLossDistance": 60,
      "mobTeleportDistance": 50,
      "mobGriefingProtectionRadius": 60,
      "fullProtectionRadius": 0,
      "bossBarHideRadius": 60,
      "mobCostRatio": 20,
      "allowDifficultyReset": true,
      "allowWaterAndAirSpawn": false,
      "individualPlayerStats": true,
      "setNight": true,
      "setRain": false,
      "disableMobItemDrop": true,
      "startingPoints": 500,
      "startingStatMultiplier": 1.0,
      "difficultyLevelRanges": [

      ],
      "mobGroups": {

      },
      "presetWaves": {
        "1": {
          "mobStatMultiplier": 2,
          "rewardLootTable": "minecraft:chests/simple_dungeon",
          "rewardCount": 1,
          "mobs": [
            { "type": "minecraft:zombie", "count": 2 },
            { "type": "minecraft:skeleton", "count": 1 }
          ]
        },
        "2": {
          "mobStatMultiplier": 1,
          "rewardLootTable": "skyarena:battle_rewards/ice_key",
          "rewardCount": 1,
          "mobs": [
            { "type": "minecraft:skeleton", "count": 3 },
            { "type": "minecraft:witch", "count": 3 },
            { "type": "minecraft:zombie", "count": 3 }
          ]
        },
        "3": {
          "mobStatMultiplier": 0.5,
          "rewardLootTable": "skyarena:battle_rewards/ender_key",
          "rewardCount": 1,
          "mobs": [
            { "type": "minecraft:warden", "count": 1 }
          ]
        }
      }
    },
    "example_with_miniboss": {
      "mobSpawnRadius": 36,
      "spawnDistanceFromPlayer": 18,
      "battleLossDistance": 60,
      "mobTeleportDistance": 50,
      "mobGriefingProtectionRadius": 60,
      "fullProtectionRadius": 0,
      "bossBarHideRadius": 60,
      "mobCostRatio": 20,
      "allowDifficultyReset": true,
      "allowWaterAndAirSpawn": false,
      "individualPlayerStats": true,
      "setNight": true,
      "setRain": false,
      "disableMobItemDrop": true,
      "startingPoints": 500,
      "startingStatMultiplier": 1.0,
      "difficultyLevelRanges": [

      ],
      "mobGroups": {

      },
      "presetWaves": {
        "1": {
          "mobStatMultiplier": 1,
          "rewardLootTable": "skyarena:battle_rewards/ender_key",
          "rewardCount": 1,
          "mobs": [
            { "type": "cataclysm:kobolediator", "count": 1 }
          ]
        }
      }
    },
    "example_with_preset_waves_and_difficulty_level_ranges": {
      "mobSpawnRadius": 36,
      "spawnDistanceFromPlayer": 18,
      "battleLossDistance": 60,
      "mobTeleportDistance": 50,
      "mobGriefingProtectionRadius": 60,
      "fullProtectionRadius": 0,
      "bossBarHideRadius": 60,
      "mobCostRatio": 20,
      "allowDifficultyReset": true,
      "allowWaterAndAirSpawn": false,
      "individualPlayerStats": true,
      "setNight": true,
      "setRain": false,
      "disableMobItemDrop": true,
      "startingPoints": 500,
      "startingStatMultiplier": 1.0,
      "difficultyLevelRanges": [
        {
          "range": [1, 20],
          "pointsIncrease": 100,
          "statMultiplierIncrease": 0.0,
          "rewardLootTable": "skyarena:battle_rewards/ice_key",
          "rewardCount": 1,
          "mobGroupsUsed": ["common", "elite"]
        },
        {
          "range": [21, 9999],
          "pointsIncrease": 0,
          "statMultiplierIncrease": 0.05,
          "rewardLootTable": "skyarena:battle_rewards/ice_key",
          "rewardCount": 2,
          "mobGroupsUsed": ["common", "elite", "minibosses"]
        }
      ],
      "mobGroups": {
        "common": {
          "squadSpawnChance": 0.5,
          "squadSpawnSize": 5,
          "statMultiplierCoefficient": 1.0,
          "mobSpawnChance": 1,
          "mobValues": {
            "minecraft:zombie": 20,
            "minecraft:slime": 20,
            "minecraft:magma_cube": 25,
            "minecraft:husk": 25,
            "minecraft:skeleton": 30,
            "minecraft:witch": 30
          }
        },
        "elite": {
          "squadSpawnChance": 0.35,
          "squadSpawnSize": 3,
          "statMultiplierCoefficient": 1.0,
          "mobSpawnChance": 1,
          "mobValues": {
            "minecraft:evoker": 80,
            "minecraft:ravager": 130,
            "born_in_chaos_v1:felsteed": 80,
            "born_in_chaos_v1:fallen_chaos_knight": 80,
            "born_in_chaos_v1:zombie_bruiser": 80,
            "born_in_chaos_v1:skeleton_thrasher": 90,
            "born_in_chaos_v1:nightmare_stalker": 120,
            "born_in_chaos_v1:supreme_bonescaller": 160
          }
        },
        "minibosses": {
          "squadSpawnChance": 0.35,
          "squadSpawnSize": 2,
          "statMultiplierCoefficient": 1.0,
          "mobSpawnChance": 1,
          "mobValues": {
            "born_in_chaos_v1:mother_spider": 170,
            "born_in_chaos_v1:dire_hound_leader": 200,
            "born_in_chaos_v1:lifestealer_true_form": 250,
            "born_in_chaos_v1:missioner": 250
          }
        }
      },
      "presetWaves": {
        "10": {
          "mobStatMultiplier": 0.5,
          "rewardLootTable": "minecraft:chests/simple_dungeon",
          "rewardCount": 1,
          "mobs": [
            { "type": "minecraft:warden", "count": 1 }
          ]
        },
        "20": {
          "mobStatMultiplier": 0,
          "rewardLootTable": "skyarena:battle_rewards/ice_key",
          "rewardCount": 1,
          "mobs": [
            { "type": "minecraft:wither", "count": 1 }
          ]
        },
        "30": {
          "mobStatMultiplier": 0,
          "rewardLootTable": "skyarena:battle_rewards/ender_key",
          "rewardCount": 1,
          "mobs": [
            { "type": "minecraft:ender_dragon", "count": 1 }
          ]
        }
      }
    },
    "example_with_auto_waves_and_coefficients_per_blocks": {
      "mobSpawnRadius": 36,
      "spawnDistanceFromPlayer": 18,
      "battleLossDistance": 60,
      "mobTeleportDistance": 50,
      "mobGriefingProtectionRadius": 60,
      "fullProtectionRadius": 0,
      "bossBarHideRadius": 60,
      "mobCostRatio": 20,
      "allowDifficultyReset": true,
      "allowWaterAndAirSpawn": false,
      "individualPlayerStats": true,
      "setNight": true,
      "setRain": false,
      "disableMobItemDrop": true,
      "resetDifficultyOnDefeat": true,
      "autoWaveRun": true,
      "startingPoints": 500,
      "startingStatMultiplier": 1.0,
      "pointsCoefficientPer1000BlocksFromWorldCenter": 0.01,
      "statMultiplierCoefficientPer1000BlocksFromWorldCenter": 0.01,
      "lootTableCountCoefficientPer1000BlocksFromWorldCenter": 0.015,
      "difficultyLevelRanges": [
        {
          "range": [1, 2],
          "pointsIncrease": 200,
          "statMultiplierIncrease": 0.0,
          "rewardLootTable": "skyarena:battle_rewards/ice_key",
          "rewardCount": 1,
          "mobGroupsUsed": ["common"]
        },
        {
          "range": [3, 5],
          "pointsIncrease": 200,
          "statMultiplierIncrease": 0.0,
          "rewardLootTable": "skyarena:battle_rewards/ice_key",
          "rewardCount": 2,
          "mobGroupsUsed": ["common", "elite"]
        },
        {
          "range": [6, 9],
          "pointsIncrease": 0,
          "statMultiplierIncrease": 0.10,
          "rewardLootTable": "skyarena:battle_rewards/ice_key",
          "rewardCount": 3,
          "mobGroupsUsed": ["common", "elite", "minibosses"]
        }
      ],
      "mobGroups": {
        "common": {
          "squadSpawnChance": 0.5,
          "squadSpawnSize": 5,
          "statMultiplierCoefficient": 1.0,
          "mobSpawnChance": 1,
          "mobValues": {
            "minecraft:zombie": 20,
            "minecraft:slime": 20,
            "minecraft:magma_cube": 25
          }
        },
        "elite": {
          "squadSpawnChance": 0.35,
          "squadSpawnSize": 3,
          "statMultiplierCoefficient": 1.0,
          "mobSpawnChance": 1,
          "mobValues": {
            "minecraft:evoker": 80,
            "minecraft:ravager": 130,
            "born_in_chaos_v1:felsteed": 80
          }
        },
        "minibosses": {
          "squadSpawnChance": 0.35,
          "squadSpawnSize": 2,
          "statMultiplierCoefficient": 1.0,
          "mobSpawnChance": 1,
          "mobValues": {
            "born_in_chaos_v1:mother_spider": 170,
            "born_in_chaos_v1:dire_hound_leader": 200,
            "born_in_chaos_v1:lifestealer_true_form": 250
          }
        }
      },
      "presetWaves": {
        "10": {
          "mobStatMultiplier": 1,
          "rewardLootTable": "skyarena:battle_rewards/ender_key",
          "rewardCount": 1,
          "mobs": [
            { "type": "minecraft:warden", "count": 1 }
          ]
        }
      }
    },
    "example_boss_rush": {
      "mobSpawnRadius": 36,
      "spawnDistanceFromPlayer": 18,
      "battleLossDistance": 60,
      "mobTeleportDistance": 50,
      "mobGriefingProtectionRadius": 60,
      "fullProtectionRadius": 0,
      "bossBarHideRadius": 60,
      "mobCostRatio": 20,
      "allowDifficultyReset": true,
      "allowWaterAndAirSpawn": false,
      "individualPlayerStats": true,
      "setNight": true,
      "setRain": false,
      "disableMobItemDrop": true,
      "resetDifficultyOnDefeat": true,
      "autoWaveRun": true,
      "startingPoints": 500,
      "startingStatMultiplier": 1.0,
      "difficultyLevelRanges": [

      ],
      "mobGroups": {

      },
      "presetWaves": {
        "1": {
          "mobStatMultiplier": 1,
          "rewardLootTable": "skyarena:battle_rewards/ender_key",
          "rewardCount": 1,
          "mobs": [
            { "type": "cataclysm:the_harbinger", "count": 1 }
          ]
        },
        "2": {
          "mobStatMultiplier": 1,
          "rewardLootTable": "skyarena:battle_rewards/ender_key",
          "rewardCount": 1,
          "mobs": [
            { "type": "cataclysm:netherite_monstrosity", "count": 1 }
          ]
        },
        "3": {
          "mobStatMultiplier": 1,
          "rewardLootTable": "skyarena:battle_rewards/ender_key",
          "rewardCount": 1,
          "mobs": [
            { "type": "cataclysm:ignis", "count": 1 }
          ]
        },
        "4": {
          "mobStatMultiplier": 1,
          "rewardLootTable": "skyarena:battle_rewards/ender_key",
          "rewardCount": 1,
          "mobs": [
            { "type": "cataclysm:ender_guardian", "count": 1 }
          ]
        },
        "5": {
          "mobStatMultiplier": 1,
          "rewardLootTable": "skyarena:battle_rewards/ender_key",
          "rewardCount": 1,
          "mobs": [
            { "type": "cataclysm:ancient_remnant", "count": 1 }
          ]
        }
      }
    }
  },
  "keys": {
    "skyarena:crimson_key": [
      "minecraft:chests/abandoned_mineshaft",
      "minecraft:chests/ancient_city",
      "minecraft:chests/ancient_city_ice_box",
      "minecraft:chests/bastion_bridge",
      "minecraft:chests/bastion_hoglin_stable",
      "minecraft:chests/bastion_other",
      "minecraft:chests/bastion_treasure",
      "minecraft:chests/buried_treasure",
      "minecraft:chests/desert_pyramid",
      "minecraft:chests/end_city_treasure",
      "minecraft:chests/igloo_chest",
      "minecraft:chests/jungle_temple",
      "minecraft:chests/nether_bridge",
      "minecraft:chests/pillager_outpost",
      "minecraft:chests/ruined_portal",
      "minecraft:chests/shipwreck_supply",
      "minecraft:chests/shipwreck_treasure",
      "minecraft:chests/simple_dungeon",
      "minecraft:chests/stronghold_library",
      "minecraft:chests/underwater_ruin_big",
      "minecraft:chests/underwater_ruin_small",
      "minecraft:chests/village/village_temple",
      "minecraft:chests/woodland_mansion",
      "minecraft:chests/chest_level_2",
      "minecraft:chests/chest_level_3",
      "minecraft:chests/firewell_d",
      "minecraft:chests/shater",
      "iceandfire:chest/fire_dragon_female_cave",
      "iceandfire:chest/fire_dragon_male_cave",
      "iceandfire:chest/ice_dragon_female_cave",
      "iceandfire:chest/ice_dragon_male_cave",
      "iceandfire:chest/lightning_dragon_female_cave",
      "iceandfire:chest/lightning_dragon_male_cave",
      "iceandfire:chest/mausoleum_chest"
    ],
    "skyarena:desert_key": [
      "minecraft:chests/abandoned_mineshaft",
      "minecraft:chests/ancient_city",
      "minecraft:chests/ancient_city_ice_box",
      "minecraft:chests/bastion_bridge",
      "minecraft:chests/bastion_hoglin_stable",
      "minecraft:chests/bastion_other",
      "minecraft:chests/bastion_treasure",
      "minecraft:chests/buried_treasure",
      "minecraft:chests/desert_pyramid",
      "minecraft:chests/end_city_treasure",
      "minecraft:chests/igloo_chest",
      "minecraft:chests/jungle_temple",
      "minecraft:chests/nether_bridge",
      "minecraft:chests/pillager_outpost",
      "minecraft:chests/ruined_portal",
      "minecraft:chests/shipwreck_supply",
      "minecraft:chests/shipwreck_treasure",
      "minecraft:chests/simple_dungeon",
      "minecraft:chests/stronghold_library",
      "minecraft:chests/underwater_ruin_big",
      "minecraft:chests/underwater_ruin_small",
      "minecraft:chests/village/village_temple",
      "minecraft:chests/woodland_mansion",
      "minecraft:chests/chest_level_2",
      "minecraft:chests/chest_level_3",
      "minecraft:chests/firewell_d",
      "minecraft:chests/shater",
      "iceandfire:chest/fire_dragon_female_cave",
      "iceandfire:chest/fire_dragon_male_cave",
      "iceandfire:chest/ice_dragon_female_cave",
      "iceandfire:chest/ice_dragon_male_cave",
      "iceandfire:chest/lightning_dragon_female_cave",
      "iceandfire:chest/lightning_dragon_male_cave",
      "iceandfire:chest/mausoleum_chest"
    ],
    "skyarena:ender_key": [
      "minecraft:chests/abandoned_mineshaft",
      "minecraft:chests/ancient_city",
      "minecraft:chests/ancient_city_ice_box",
      "minecraft:chests/bastion_bridge",
      "minecraft:chests/bastion_hoglin_stable",
      "minecraft:chests/bastion_other",
      "minecraft:chests/bastion_treasure",
      "minecraft:chests/buried_treasure",
      "minecraft:chests/desert_pyramid",
      "minecraft:chests/end_city_treasure",
      "minecraft:chests/igloo_chest",
      "minecraft:chests/jungle_temple",
      "minecraft:chests/nether_bridge",
      "minecraft:chests/pillager_outpost",
      "minecraft:chests/ruined_portal",
      "minecraft:chests/shipwreck_supply",
      "minecraft:chests/shipwreck_treasure",
      "minecraft:chests/simple_dungeon",
      "minecraft:chests/stronghold_library",
      "minecraft:chests/underwater_ruin_big",
      "minecraft:chests/underwater_ruin_small",
      "minecraft:chests/village/village_temple",
      "minecraft:chests/woodland_mansion",
      "minecraft:chests/chest_level_2",
      "minecraft:chests/chest_level_3",
      "minecraft:chests/firewell_d",
      "minecraft:chests/shater",
      "iceandfire:chest/fire_dragon_female_cave",
      "iceandfire:chest/fire_dragon_male_cave",
      "iceandfire:chest/ice_dragon_female_cave",
      "iceandfire:chest/ice_dragon_male_cave",
      "iceandfire:chest/lightning_dragon_female_cave",
      "iceandfire:chest/lightning_dragon_male_cave",
      "iceandfire:chest/mausoleum_chest"
    ],
    "skyarena:ice_key": [
      "minecraft:chests/abandoned_mineshaft",
      "minecraft:chests/ancient_city",
      "minecraft:chests/ancient_city_ice_box",
      "minecraft:chests/bastion_bridge",
      "minecraft:chests/bastion_hoglin_stable",
      "minecraft:chests/bastion_other",
      "minecraft:chests/bastion_treasure",
      "minecraft:chests/buried_treasure",
      "minecraft:chests/desert_pyramid",
      "minecraft:chests/end_city_treasure",
      "minecraft:chests/igloo_chest",
      "minecraft:chests/jungle_temple",
      "minecraft:chests/nether_bridge",
      "minecraft:chests/pillager_outpost",
      "minecraft:chests/ruined_portal",
      "minecraft:chests/shipwreck_supply",
      "minecraft:chests/shipwreck_treasure",
      "minecraft:chests/simple_dungeon",
      "minecraft:chests/stronghold_library",
      "minecraft:chests/underwater_ruin_big",
      "minecraft:chests/underwater_ruin_small",
      "minecraft:chests/village/village_temple",
      "minecraft:chests/woodland_mansion",
      "minecraft:chests/chest_level_2",
      "minecraft:chests/chest_level_3",
      "minecraft:chests/firewell_d",
      "minecraft:chests/shater",
      "iceandfire:chest/fire_dragon_female_cave",
      "iceandfire:chest/fire_dragon_male_cave",
      "iceandfire:chest/ice_dragon_female_cave",
      "iceandfire:chest/ice_dragon_male_cave",
      "iceandfire:chest/lightning_dragon_female_cave",
      "iceandfire:chest/lightning_dragon_male_cave",
      "iceandfire:chest/mausoleum_chest"
    ],
    "skyarena:forest_key": [
      "minecraft:chests/abandoned_mineshaft",
      "minecraft:chests/ancient_city",
      "minecraft:chests/ancient_city_ice_box",
      "minecraft:chests/bastion_bridge",
      "minecraft:chests/bastion_hoglin_stable",
      "minecraft:chests/bastion_other",
      "minecraft:chests/bastion_treasure",
      "minecraft:chests/buried_treasure",
      "minecraft:chests/desert_pyramid",
      "minecraft:chests/end_city_treasure",
      "minecraft:chests/igloo_chest",
      "minecraft:chests/jungle_temple",
      "minecraft:chests/nether_bridge",
      "minecraft:chests/pillager_outpost",
      "minecraft:chests/ruined_portal",
      "minecraft:chests/shipwreck_supply",
      "minecraft:chests/shipwreck_treasure",
      "minecraft:chests/simple_dungeon",
      "minecraft:chests/stronghold_library",
      "minecraft:chests/underwater_ruin_big",
      "minecraft:chests/underwater_ruin_small",
      "minecraft:chests/village/village_temple",
      "minecraft:chests/woodland_mansion",
      "minecraft:chests/chest_level_2",
      "minecraft:chests/chest_level_3",
      "minecraft:chests/firewell_d",
      "minecraft:chests/shater",
      "iceandfire:chest/fire_dragon_female_cave",
      "iceandfire:chest/fire_dragon_male_cave",
      "iceandfire:chest/ice_dragon_female_cave",
      "iceandfire:chest/ice_dragon_male_cave",
      "iceandfire:chest/lightning_dragon_female_cave",
      "iceandfire:chest/lightning_dragon_male_cave",
      "iceandfire:chest/mausoleum_chest"
    ]
  },
  "trophies": {
    "oak_trophy": {
      "cooldown": 0,
      "effects": {
        "minecraft:haste": {
          "duration": 480,
          "amplifier": 0
        }
      }
    },
    "stone_trophy": {
      "cooldown": 0,
      "effects": {
        "minecraft:speed": {
          "duration": 480,
          "amplifier": 0
        }
      }
    },
    "iron_trophy": {
      "cooldown": 0,
      "effects": {
        "minecraft:resistance": {
          "duration": 480,
          "amplifier": 0
        }
      }
    },
    "gold_trophy": {
      "cooldown": 0,
      "effects": {
        "minecraft:absorption": {
          "duration": 480,
          "amplifier": 0
        }
      }
    },
    "diamond_trophy": {
      "cooldown": 0,
      "effects": {
        "minecraft:regeneration": {
          "duration": 180,
          "amplifier": 1
        }
      }
    },
    "netherite_trophy": {
      "cooldown": 45,
      "effects": {
        "minecraft:strength": {
          "duration": 30,
          "amplifier": 1
        },
        "minecraft:luck": {
          "duration": 30,
          "amplifier": 1
        }
      }
    }
  }
}