{
  "config_version": "1.0.18",
  "config_datetime": "2025-07-12_22-41-13",
  "general": {
    "min_structure_distance_from_world_center": 624,
    "disable_all_structures": false,
    "enable_global_spacing_and_separation_modifier": false,
    "global_spacing_and_separation_modifier": 1.0
  },
  "structures": [
    {
      "name": "minecraft:pillager_outpost",
      "is_disabled": true,
      "enable_flatness_check": false,
      "flatness_check_distance": 80,
      "flatness_check_threshold": 10,
      "enable_biome_check": false,
      "biome_check_distance": 80,
      "biome_check_mode": "BLACKLIST",
      "biome_check_blacklisted_biomes": [
        "#is_river"
      ],
      "whitelisted_biomes": [],
      "blacklisted_biomes": []
    },
    {
      "name": "minecraft:ruined_portal",
      "is_disabled": true,
      "enable_flatness_check": false,
      "flatness_check_distance": 0,
      "flatness_check_threshold": 10,
      "enable_biome_check": false,
      "biome_check_distance": 0,
      "biome_check_mode": "BLACKLIST",
      "biome_check_blacklisted_biomes": [
        "#is_river"
      ],
      "whitelisted_biomes": [],
      "blacklisted_biomes": []
    },
    {
      "name": "minecraft:ruined_portal_desert",
      "is_disabled": true,
      "enable_flatness_check": false,
      "flatness_check_distance": 0,
      "flatness_check_threshold": 10,
      "enable_biome_check": false,
      "biome_check_distance": 0,
      "biome_check_mode": "BLACKLIST",
      "biome_check_blacklisted_biomes": [
        "#is_river"
      ],
      "whitelisted_biomes": [],
      "blacklisted_biomes": []
    },
    {
      "name": "minecraft:ruined_portal_jungle",
      "is_disabled": true,
      "enable_flatness_check": false,
      "flatness_check_distance": 0,
      "flatness_check_threshold": 10,
      "enable_biome_check": false,
      "biome_check_distance": 0,
      "biome_check_mode": "BLACKLIST",
      "biome_check_blacklisted_biomes": [
        "#is_river"
      ],
      "whitelisted_biomes": [],
      "blacklisted_biomes": []
    },
    {
      "name": "minecraft:ruined_portal_mountain",
      "is_disabled": true,
      "enable_flatness_check": false,
      "flatness_check_distance": 0,
      "flatness_check_threshold": 10,
      "enable_biome_check": false,
      "biome_check_distance": 0,
      "biome_check_mode": "BLACKLIST",
      "biome_check_blacklisted_biomes": [
        "#is_river"
      ],
      "whitelisted_biomes": [],
      "blacklisted_biomes": []
    },
    {
      "name": "minecraft:ruined_portal_nether",
      "is_disabled": true,
      "enable_flatness_check": false,
      "flatness_check_distance": 0,
      "flatness_check_threshold": 10,
      "enable_biome_check": false,
      "biome_check_distance": 0,
      "biome_check_mode": "BLACKLIST",
      "biome_check_blacklisted_biomes": [
        "#is_river"
      ],
      "whitelisted_biomes": [],
      "blacklisted_biomes": []
    },
    {
      "name": "minecraft:ruined_portal_ocean",
      "is_disabled": true,
      "enable_flatness_check": false,
      "flatness_check_distance": 0,
      "flatness_check_threshold": 10,
      "enable_biome_check": false,
      "biome_check_distance": 0,
      "biome_check_mode": "BLACKLIST",
      "biome_check_blacklisted_biomes": [
        "#is_river"
      ],
      "whitelisted_biomes": [],
      "blacklisted_biomes": []
    },
    {
      "name": "minecraft:ruined_portal_swamp",
      "is_disabled": true,
      "enable_flatness_check": false,
      "flatness_check_distance": 0,
      "flatness_check_threshold": 10,
      "enable_biome_check": false,
      "biome_check_distance": 0,
      "biome_check_mode": "BLACKLIST",
      "biome_check_blacklisted_biomes": [
        "#is_river"
      ],
      "whitelisted_biomes": [],
      "blacklisted_biomes": []
    },
    {
      "name": "dungeonnowloading:labyrinth",
      "is_disabled": false,
      "enable_flatness_check": false,
      "flatness_check_distance": 116,
      "flatness_check_threshold": 10,
      "enable_biome_check": false,
      "biome_check_distance": 116,
      "biome_check_mode": "BLACKLIST",
      "biome_check_blacklisted_biomes": [
        "#alexscaves:alexs_caves_biomes",
        "#is_river"
      ],
      "whitelisted_biomes": [],
      "blacklisted_biomes": []
    },
    {
      "name": "eeeabsmobs:guling",
      "is_disabled": false,
      "enable_flatness_check": false,
      "flatness_check_distance": 0,
      "flatness_check_threshold": 10,
      "enable_biome_check": false,
      "biome_check_distance": 0,
      "biome_check_mode": "BLACKLIST",
      "biome_check_blacklisted_biomes": [
        "#yungscavebiomes:cave_biomes",
        "#alexscaves:alexs_caves_biomes",
        "#is_river"
      ],
      "whitelisted_biomes": [],
      "blacklisted_biomes": []
    },
    {
      "name": "feur_extension_fossil:fossil_baby_fish",
      "is_disabled": true,
      "enable_flatness_check": false,
      "flatness_check_distance": 64,
      "flatness_check_threshold": 10,
      "enable_biome_check": false,
      "biome_check_distance": 64,
      "biome_check_mode": "BLACKLIST",
      "biome_check_blacklisted_biomes": [
        "#is_river"
      ],
      "whitelisted_biomes": [],
      "blacklisted_biomes": []
    },
    {
      "name": "feur_extension_fossil:fossil_bone_fish",
      "is_disabled": true,
      "enable_flatness_check": false,
      "flatness_check_distance": 64,
      "flatness_check_threshold": 10,
      "enable_biome_check": false,
      "biome_check_distance": 64,
      "biome_check_mode": "BLACKLIST",
      "biome_check_blacklisted_biomes": [
        "#is_river"
      ],
      "whitelisted_biomes": [],
      "blacklisted_biomes": []
    },
    {
      "name": "feur_extension_fossil:skull_camp",
      "is_disabled": true,
      "enable_flatness_check": false,
      "flatness_check_distance": 64,
      "flatness_check_threshold": 10,
      "enable_biome_check": false,
      "biome_check_distance": 64,
      "biome_check_mode": "BLACKLIST",
      "biome_check_blacklisted_biomes": [
        "#is_river"
      ],
      "whitelisted_biomes": [],
      "blacklisted_biomes": []
    },
    {
      "name": "feur_extension_fossil:small_rex_camp",
      "is_disabled": true,
      "enable_flatness_check": false,
      "flatness_check_distance": 64,
      "flatness_check_threshold": 10,
      "enable_biome_check": false,
      "biome_check_distance": 64,
      "biome_check_mode": "BLACKLIST",
      "biome_check_blacklisted_biomes": [
        "#is_river"
      ],
      "whitelisted_biomes": [],
      "blacklisted_biomes": []
    },
    {
      "name": "formationsoverworld:copper_spire",
      "is_disabled": true,
      "enable_flatness_check": false,
      "flatness_check_distance": 0,
      "flatness_check_threshold": 10,
      "enable_biome_check": false,
      "biome_check_distance": 0,
      "biome_check_mode": "BLACKLIST",
      "biome_check_blacklisted_biomes": [
        "#is_river"
      ],
      "whitelisted_biomes": [],
      "blacklisted_biomes": []
    },
    {
      "name": "formationsoverworld:meteor",
      "is_disabled": true,
      "enable_flatness_check": false,
      "flatness_check_distance": 0,
      "flatness_check_threshold": 10,
      "enable_biome_check": false,
      "biome_check_distance": 0,
      "biome_check_mode": "BLACKLIST",
      "biome_check_blacklisted_biomes": [
        "#is_river"
      ],
      "whitelisted_biomes": [],
      "blacklisted_biomes": []
    },
    {
      "name": "formationsoverworld:witch_tower",
      "is_disabled": true,
      "enable_flatness_check": false,
      "flatness_check_distance": 0,
      "flatness_check_threshold": 10,
      "enable_biome_check": false,
      "biome_check_distance": 0,
      "biome_check_mode": "BLACKLIST",
      "biome_check_blacklisted_biomes": [
        "#is_river"
      ],
      "whitelisted_biomes": [],
      "blacklisted_biomes": []
    },
    {
      "name": "mvs:houses/large_floating_island",
      "is_disabled": true,
      "enable_flatness_check": false,
      "flatness_check_distance": 0,
      "flatness_check_threshold": 10,
      "enable_biome_check": false,
      "biome_check_distance": 0,
      "biome_check_mode": "BLACKLIST",
      "biome_check_blacklisted_biomes": [
        "#is_river"
      ],
      "whitelisted_biomes": [],
      "blacklisted_biomes": []
    },
    {
      "name": "mvs:nature/floating_islands",
      "is_disabled": true,
      "enable_flatness_check": false,
      "flatness_check_distance": 0,
      "flatness_check_threshold": 10,
      "enable_biome_check": false,
      "biome_check_distance": 0,
      "biome_check_mode": "BLACKLIST",
      "biome_check_blacklisted_biomes": [
        "#is_river"
      ],
      "whitelisted_biomes": [],
      "blacklisted_biomes": []
    },
    {
      "name": "mvs:other_decoration/stone_bee",
      "is_disabled": true,
      "enable_flatness_check": false,
      "flatness_check_distance": 0,
      "flatness_check_threshold": 10,
      "enable_biome_check": false,
      "biome_check_distance": 0,
      "biome_check_mode": "BLACKLIST",
      "biome_check_blacklisted_biomes": [
        "#is_river"
      ],
      "whitelisted_biomes": [],
      "blacklisted_biomes": []
    },
    {
      "name": "mvs:sunzi_gate",
      "is_disabled": true,
      "enable_flatness_check": false,
      "flatness_check_distance": 0,
      "flatness_check_threshold": 10,
      "enable_biome_check": false,
      "biome_check_distance": 0,
      "biome_check_mode": "BLACKLIST",
      "biome_check_blacklisted_biomes": [
        "#is_river"
      ],
      "whitelisted_biomes": [],
      "blacklisted_biomes": []
    },
    {
      "name": "philipsruins:ancient_crypt",
      "is_disabled": true,
      "enable_flatness_check": false,
      "flatness_check_distance": 100,
      "flatness_check_threshold": 10,
      "enable_biome_check": false,
      "biome_check_distance": 100,
      "biome_check_mode": "BLACKLIST",
      "biome_check_blacklisted_biomes": [
        "#is_river"
      ],
      "whitelisted_biomes": [],
      "blacklisted_biomes": []
    },
    {
      "name": "philipsruins:ancient_ruins",
      "is_disabled": true,
      "enable_flatness_check": false,
      "flatness_check_distance": 80,
      "flatness_check_threshold": 10,
      "enable_biome_check": false,
      "biome_check_distance": 80,
      "biome_check_mode": "BLACKLIST",
      "biome_check_blacklisted_biomes": [
        "#is_river"
      ],
      "whitelisted_biomes": [],
      "blacklisted_biomes": []
    },
    {
      "name": "philipsruins:ancient_towers",
      "is_disabled": true,
      "enable_flatness_check": false,
      "flatness_check_distance": 80,
      "flatness_check_threshold": 10,
      "enable_biome_check": false,
      "biome_check_distance": 80,
      "biome_check_mode": "BLACKLIST",
      "biome_check_blacklisted_biomes": [
        "#is_river"
      ],
      "whitelisted_biomes": [],
      "blacklisted_biomes": []
    },
    {
      "name": "philipsruins:desert_structures",
      "is_disabled": true,
      "enable_flatness_check": false,
      "flatness_check_distance": 80,
      "flatness_check_threshold": 10,
      "enable_biome_check": false,
      "biome_check_distance": 80,
      "biome_check_mode": "BLACKLIST",
      "biome_check_blacklisted_biomes": [
        "#is_river"
      ],
      "whitelisted_biomes": [],
      "blacklisted_biomes": []
    },
    {
      "name": "philipsruins:field_stone_ruins",
      "is_disabled": true,
      "enable_flatness_check": false,
      "flatness_check_distance": 100,
      "flatness_check_threshold": 10,
      "enable_biome_check": false,
      "biome_check_distance": 100,
      "biome_check_mode": "BLACKLIST",
      "biome_check_blacklisted_biomes": [
        "#is_river"
      ],
      "whitelisted_biomes": [],
      "blacklisted_biomes": []
    },
    {
      "name": "philipsruins:level_one_ruins",
      "is_disabled": true,
      "enable_flatness_check": false,
      "flatness_check_distance": 80,
      "flatness_check_threshold": 10,
      "enable_biome_check": false,
      "biome_check_distance": 80,
      "biome_check_mode": "BLACKLIST",
      "biome_check_blacklisted_biomes": [
        "#is_river"
      ],
      "whitelisted_biomes": [],
      "blacklisted_biomes": []
    },
    {
      "name": "philipsruins:level_three_ruins",
      "is_disabled": true,
      "enable_flatness_check": false,
      "flatness_check_distance": 80,
      "flatness_check_threshold": 10,
      "enable_biome_check": false,
      "biome_check_distance": 80,
      "biome_check_mode": "BLACKLIST",
      "biome_check_blacklisted_biomes": [
        "#is_river"
      ],
      "whitelisted_biomes": [],
      "blacklisted_biomes": []
    },
    {
      "name": "philipsruins:level_two_ruins_pool",
      "is_disabled": true,
      "enable_flatness_check": false,
      "flatness_check_distance": 80,
      "flatness_check_threshold": 10,
      "enable_biome_check": false,
      "biome_check_distance": 80,
      "biome_check_mode": "BLACKLIST",
      "biome_check_blacklisted_biomes": [
        "#is_river"
      ],
      "whitelisted_biomes": [],
      "blacklisted_biomes": []
    },
    {
      "name": "philipsruins:pumpkin_ruins",
      "is_disabled": true,
      "enable_flatness_check": false,
      "flatness_check_distance": 80,
      "flatness_check_threshold": 10,
      "enable_biome_check": false,
      "biome_check_distance": 80,
      "biome_check_mode": "BLACKLIST",
      "biome_check_blacklisted_biomes": [
        "#is_river"
      ],
      "whitelisted_biomes": [],
      "blacklisted_biomes": []
    },
    {
      "name": "realmrpg_quests:piglin_gamblers",
      "is_disabled": true,
      "enable_flatness_check": false,
      "flatness_check_distance": 100,
      "flatness_check_threshold": 10,
      "enable_biome_check": false,
      "biome_check_distance": 100,
      "biome_check_mode": "BLACKLIST",
      "biome_check_blacklisted_biomes": [
        "#is_river"
      ],
      "whitelisted_biomes": [],
      "blacklisted_biomes": []
    },
    {
      "name": "taxtg:giant_jungle_tree",
      "is_disabled": true,
      "enable_flatness_check": false,
      "flatness_check_distance": 64,
      "flatness_check_threshold": 10,
      "enable_biome_check": false,
      "biome_check_distance": 64,
      "biome_check_mode": "BLACKLIST",
      "biome_check_blacklisted_biomes": [
        "#is_river"
      ],
      "whitelisted_biomes": [],
      "blacklisted_biomes": []
    },
    {
      "name": "trials:trials_chambers",
      "is_disabled": false,
      "enable_flatness_check": false,
      "flatness_check_distance": 0,
      "flatness_check_threshold": 10,
      "enable_biome_check": false,
      "biome_check_distance": 0,
      "biome_check_mode": "BLACKLIST",
      "biome_check_blacklisted_biomes": [
        "#alexscaves:alexs_caves_biomes",
        "#is_river"
      ],
      "whitelisted_biomes": [],
      "blacklisted_biomes": []
    },
    {
      "name": "valhelsia_structures:deep_spawner_room",
      "is_disabled": false,
      "enable_flatness_check": false,
      "flatness_check_distance": 80,
      "flatness_check_threshold": 10,
      "enable_biome_check": false,
      "biome_check_distance": 80,
      "biome_check_mode": "BLACKLIST",
      "biome_check_blacklisted_biomes": [
        "#alexscaves:alexs_caves_biomes",
        "#is_river"
      ],
      "whitelisted_biomes": [],
      "blacklisted_biomes": []
    },
    {
      "name": "valhelsia_structures:spawner_room",
      "is_disabled": false,
      "enable_flatness_check": false,
      "flatness_check_distance": 80,
      "flatness_check_threshold": 10,
      "enable_biome_check": false,
      "biome_check_distance": 80,
      "biome_check_mode": "BLACKLIST",
      "biome_check_blacklisted_biomes": [
        "#alexscaves:alexs_caves_biomes",
        "#is_river"
      ],
      "whitelisted_biomes": [],
      "blacklisted_biomes": []
    },
    {
      "name": "witherstormmod:storm_spawn_platform",
      "is_disabled": true,
      "enable_flatness_check": false,
      "flatness_check_distance": 0,
      "flatness_check_threshold": 10,
      "enable_biome_check": false,
      "biome_check_distance": 0,
      "biome_check_mode": "BLACKLIST",
      "biome_check_blacklisted_biomes": [
        "#is_river"
      ],
      "whitelisted_biomes": [],
      "blacklisted_biomes": []
    }
  ],
  "structure_sets": [
    {
      "name": "betterdeserttemples:desert_temples",
      "salt": 92746251,
      "frequency": 1.0,
      "override_global_spacing_and_separation_modifier": false,
      "spacing": 23,
      "separation": 16
    },
    {
      "name": "betterjungletemples:jungle_temples",
      "salt": 996971851,
      "frequency": 1.0,
      "override_global_spacing_and_separation_modifier": false,
      "spacing": 16,
      "separation": 8
    },
    {
      "name": "bygonenether:catacomb",
      "salt": 1163018812,
      "frequency": 1.0,
      "override_global_spacing_and_separation_modifier": false,
      "spacing": 68,
      "separation": 38
    },
    {
      "name": "bygonenether:citadel",
      "salt": 1621815507,
      "frequency": 1.0,
      "override_global_spacing_and_separation_modifier": false,
      "spacing": 24,
      "separation": 14
    },
    {
      "name": "bygonenether:piglin_manor",
      "salt": 292421824,
      "frequency": 1.0,
      "override_global_spacing_and_separation_modifier": false,
      "spacing": 22,
      "separation": 16
    },
    {
      "name": "deeperdarker:ancient_temple",
      "salt": 40510257,
      "frequency": 1.0,
      "override_global_spacing_and_separation_modifier": false,
      "spacing": 8,
      "separation": 6
    },
    {
      "name": "dungeonnowloading:labyrinth",
      "salt": 269766545,
      "frequency": 1.0,
      "override_global_spacing_and_separation_modifier": false,
      "spacing": 62,
      "separation": 38
    },
    {
      "name": "minecraft:buried_treasures",
      "salt": 1,
      "frequency": 0.01,
      "override_global_spacing_and_separation_modifier": false,
      "spacing": 1,
      "separation": 0
    },
    {
      "name": "minecraft:mineshafts",
      "salt": 1,
      "frequency": 0.004,
      "override_global_spacing_and_separation_modifier": false,
      "spacing": 1,
      "separation": 0
    },
    {
      "name": "minecraft:strongholds",
      "salt": 1,
      "frequency": 1.0,
      "override_global_spacing_and_separation_modifier": false,
      "spacing": 0,
      "separation": 0
    },
    {
      "name": "mvs:houses/large_warped_tower",
      "salt": 446837409,
      "frequency": 1.0,
      "override_global_spacing_and_separation_modifier": false,
      "spacing": 100,
      "separation": 54
    },
    {
      "name": "mvs:houses/warped_house",
      "salt": 433252558,
      "frequency": 1.0,
      "override_global_spacing_and_separation_modifier": false,
      "spacing": 62,
      "separation": 38
    },
    {
      "name": "realmrpg_quests:anglers_with_all",
      "salt": 555990961,
      "frequency": 1.0,
      "override_global_spacing_and_separation_modifier": false,
      "spacing": 27,
      "separation": 26
    },
    {
      "name": "realmrpg_quests:cooks_with_all",
      "salt": 736240813,
      "frequency": 1.0,
      "override_global_spacing_and_separation_modifier": false,
      "spacing": 28,
      "separation": 24
    },
    {
      "name": "realmrpg_quests:headless_skeletons_with_all",
      "salt": 1224320461,
      "frequency": 1.0,
      "override_global_spacing_and_separation_modifier": false,
      "spacing": 22,
      "separation": 16
    },
    {
      "name": "realmrpg_quests:lumberjacks_with_all",
      "salt": 345727523,
      "frequency": 1.0,
      "override_global_spacing_and_separation_modifier": false,
      "spacing": 30,
      "separation": 24
    },
    {
      "name": "realmrpg_quests:miners_with_all",
      "salt": 653594149,
      "frequency": 1.0,
      "override_global_spacing_and_separation_modifier": false,
      "spacing": 37,
      "separation": 27
    },
    {
      "name": "towns_and_towers:towers",
      "salt": 205745294,
      "frequency": 0.2,
      "override_global_spacing_and_separation_modifier": false,
      "spacing": 43,
      "separation": 22
    },
    {
      "name": "undergarden:catacombs",
      "salt": 276320045,
      "frequency": 1.0,
      "override_global_spacing_and_separation_modifier": false,
      "spacing": 8,
      "separation": 6
    },
    {
      "name": "valhelsia_structures:deep_spawner_rooms",
      "salt": 601654390,
      "frequency": 1.0,
      "override_global_spacing_and_separation_modifier": false,
      "spacing": 24,
      "separation": 16
    },
    {
      "name": "valhelsia_structures:spawner_rooms",
      "salt": 820846813,
      "frequency": 1.0,
      "override_global_spacing_and_separation_modifier": false,
      "spacing": 19,
      "separation": 16
    },
    {
      "name": "witherstormmod:bowels",
      "salt": 1,
      "frequency": 1.0,
      "override_global_spacing_and_separation_modifier": false,
      "spacing": 22,
      "separation": 20
    }
  ]
}